번호,상품사진_파일명,추가수집_파일명,중복유형,정렬후_픽셀상관계수,일치특징점,추가사진_겹침비율,상품사진_전체경로,추가수집_전체경로,추가수집_원본경로,추가수집_원본분할
1,000896.jpg,003360.jpg,동일 촬영 사진의 변형본,0.997437,164,0.793496,C:\ITDA_OCR_CODE\상품사진입니다\000896.jpg,C:\ITDA_OCR_CODE\추가수집데이터\003360.jpg,Products-Real/train/images/img_00028.jpg,real_train
2,000982.jpg,003376.jpg,동일 촬영 사진의 변형본,0.971087,400,0.867593,C:\ITDA_OCR_CODE\상품사진입니다\000982.jpg,C:\ITDA_OCR_CODE\추가수집데이터\003376.jpg,Products-Real/train/images/img_00093.jpg,real_train
3,001129.jpg,003395.jpg,동일 촬영 사진의 변형본,0.986645,504,0.845412,C:\ITDA_OCR_CODE\상품사진입니다\001129.jpg,C:\ITDA_OCR_CODE\추가수집데이터\003395.jpg,Products-Real/train/images/img_00192.jpg,real_train
4,001330.jpg,003430.jpg,동일 촬영 사진의 변형본,0.997999,489,0.868262,C:\ITDA_OCR_CODE\상품사진입니다\001330.jpg,C:\ITDA_OCR_CODE\추가수집데이터\003430.jpg,Products-Real/train/images/img_00337.jpg,real_train
5,001431.jpg,003441.jpg,동일 촬영 사진의 변형본,0.989354,80,0.746093,C:\ITDA_OCR_CODE\상품사진입니다\001431.jpg,C:\ITDA_OCR_CODE\추가수집데이터\003441.jpg,Products-Real/train/images/img_00406.jpg,real_train
6,001782.jpg,003491.jpg,동일 촬영 사진의 변형본,0.99702,149,0.934266,C:\ITDA_OCR_CODE\상품사진입니다\001782.jpg,C:\ITDA_OCR_CODE\추가수집데이터\003491.jpg,Products-Real/train/images/img_00648.jpg,real_train
7,001906.jpg,003516.jpg,동일 촬영 사진의 변형본,0.999112,396,0.905252,C:\ITDA_OCR_CODE\상품사진입니다\001906.jpg,C:\ITDA_OCR_CODE\추가수집데이터\003516.jpg,Products-Real/train/images/img_00739.jpg,real_train
8,002020.jpg,003535.jpg,동일 촬영 사진의 변형본,0.999176,569,0.90504,C:\ITDA_OCR_CODE\상품사진입니다\002020.jpg,C:\ITDA_OCR_CODE\추가수집데이터\003535.jpg,Products-Real/train/images/img_00821.jpg,real_train
9,002610.jpg,003609.jpg,동일 촬영 사진의 변형본,0.995405,565,0.920075,C:\ITDA_OCR_CODE\상품사진입니다\002610.jpg,C:\ITDA_OCR_CODE\추가수집데이터\003609.jpg,Products-Real/evaluation/images/test_00115.jpg,real_evaluation
10,003014.jpg,003675.jpg,동일 촬영 사진의 변형본,0.992334,560,0.94823,C:\ITDA_OCR_CODE\상품사진입니다\003014.jpg,C:\ITDA_OCR_CODE\추가수집데이터\003675.jpg,Products-Real/evaluation/images/test_00411.jpg,real_evaluation
11,003019.jpg,003677.jpg,동일 촬영 사진의 변형본,0.999278,522,0.848264,C:\ITDA_OCR_CODE\상품사진입니다\003019.jpg,C:\ITDA_OCR_CODE\추가수집데이터\003677.jpg,Products-Real/evaluation/images/test_00416.jpg,real_evaluation
12,003099.jpg,003689.jpg,동일 촬영 사진의 변형본,0.997132,297,0.943771,C:\ITDA_OCR_CODE\상품사진입니다\003099.jpg,C:\ITDA_OCR_CODE\추가수집데이터\003689.jpg,Products-Real/evaluation/images/test_00470.jpg,real_evaluation
13,003183.jpg,003708.jpg,동일 촬영 사진의 변형본,0.998449,411,0.920123,C:\ITDA_OCR_CODE\상품사진입니다\003183.jpg,C:\ITDA_OCR_CODE\추가수집데이터\003708.jpg,Products-Real/evaluation/images/test_00540.jpg,real_evaluation
14,003221.jpg,003713.jpg,동일 촬영 사진의 변형본,0.919827,260,0.898584,C:\ITDA_OCR_CODE\상품사진입니다\003221.jpg,C:\ITDA_OCR_CODE\추가수집데이터\003713.jpg,Products-Real/evaluation/images/test_00567.jpg,real_evaluation
15,003228.jpg,003716.jpg,동일 촬영 사진의 변형본,0.93721,84,0.936633,C:\ITDA_OCR_CODE\상품사진입니다\003228.jpg,C:\ITDA_OCR_CODE\추가수집데이터\003716.jpg,Products-Real/evaluation/images/test_00573.jpg,real_evaluation
16,003245.jpg,003719.jpg,동일 촬영 사진의 변형본,0.953058,197,0.915633,C:\ITDA_OCR_CODE\상품사진입니다\003245.jpg,C:\ITDA_OCR_CODE\추가수집데이터\003719.jpg,Products-Real/evaluation/images/test_00586.jpg,real_evaluation
17,003258.jpg,003724.jpg,동일 촬영 사진의 변형본,0.933519,144,0.894624,C:\ITDA_OCR_CODE\상품사진입니다\003258.jpg,C:\ITDA_OCR_CODE\추가수집데이터\003724.jpg,Products-Real/evaluation/images/test_00598.jpg,real_evaluation
18,003271.jpg,003727.jpg,동일 촬영 사진의 변형본,0.997922,187,0.725509,C:\ITDA_OCR_CODE\상품사진입니다\003271.jpg,C:\ITDA_OCR_CODE\추가수집데이터\003727.jpg,Products-Real/evaluation/images/test_00611.jpg,real_evaluation
19,003280.jpg,003729.jpg,동일 촬영 사진의 변형본,0.997554,148,0.806181,C:\ITDA_OCR_CODE\상품사진입니다\003280.jpg,C:\ITDA_OCR_CODE\추가수집데이터\003729.jpg,Products-Real/evaluation/images/test_00619.jpg,real_evaluation
20,003289.jpg,003730.jpg,동일 촬영 사진의 변형본,0.996769,433,0.673086,C:\ITDA_OCR_CODE\상품사진입니다\003289.jpg,C:\ITDA_OCR_CODE\추가수집데이터\003730.jpg,Products-Real/evaluation/images/test_00625.jpg,real_evaluation
21,003308.jpg,003738.jpg,동일 촬영 사진의 변형본,0.999115,444,0.884853,C:\ITDA_OCR_CODE\상품사진입니다\003308.jpg,C:\ITDA_OCR_CODE\추가수집데이터\003738.jpg,Products-Real/evaluation/images/test_00644.jpg,real_evaluation
22,003320.jpg,003739.jpg,동일 촬영 사진의 변형본,0.995971,203,0.873603,C:\ITDA_OCR_CODE\상품사진입니다\003320.jpg,C:\ITDA_OCR_CODE\추가수집데이터\003739.jpg,Products-Real/evaluation/images/test_00651.jpg,real_evaluation
