기존_파일명,새_파일명,처리
003355.jpg,003355.jpg,유지·재번호
003356.jpg,003356.jpg,유지·재번호
003357.jpg,003357.jpg,유지·재번호
003358.jpg,003358.jpg,유지·재번호
003359.jpg,003359.jpg,유지·재번호
003360.jpg,,삭제
003361.jpg,003360.jpg,유지·재번호
003362.jpg,003361.jpg,유지·재번호
003363.jpg,003362.jpg,유지·재번호
003364.jpg,003363.jpg,유지·재번호
003365.jpg,003364.jpg,유지·재번호
003366.jpg,003365.jpg,유지·재번호
003367.jpg,003366.jpg,유지·재번호
003368.jpg,003367.jpg,유지·재번호
003369.jpg,003368.jpg,유지·재번호
003370.jpg,003369.jpg,유지·재번호
003371.jpg,003370.jpg,유지·재번호
003372.jpg,003371.jpg,유지·재번호
003373.jpg,003372.jpg,유지·재번호
003374.jpg,003373.jpg,유지·재번호
003375.jpg,003374.jpg,유지·재번호
003376.jpg,,삭제
003377.jpg,003375.jpg,유지·재번호
003378.jpg,003376.jpg,유지·재번호
003379.jpg,003377.jpg,유지·재번호
003380.jpg,003378.jpg,유지·재번호
003381.jpg,003379.jpg,유지·재번호
003382.jpg,003380.jpg,유지·재번호
003383.jpg,003381.jpg,유지·재번호
003384.jpg,003382.jpg,유지·재번호
003385.jpg,003383.jpg,유지·재번호
003386.jpg,003384.jpg,유지·재번호
003387.jpg,003385.jpg,유지·재번호
003388.jpg,003386.jpg,유지·재번호
003389.jpg,003387.jpg,유지·재번호
003390.jpg,003388.jpg,유지·재번호
003391.jpg,003389.jpg,유지·재번호
003392.jpg,003390.jpg,유지·재번호
003393.jpg,003391.jpg,유지·재번호
003394.jpg,003392.jpg,유지·재번호
003395.jpg,,삭제
003396.jpg,003393.jpg,유지·재번호
003397.jpg,003394.jpg,유지·재번호
003398.jpg,003395.jpg,유지·재번호
003399.jpg,003396.jpg,유지·재번호
003400.jpg,003397.jpg,유지·재번호
003401.jpg,003398.jpg,유지·재번호
003402.jpg,003399.jpg,유지·재번호
003403.jpg,003400.jpg,유지·재번호
003404.jpg,003401.jpg,유지·재번호
003405.jpg,003402.jpg,유지·재번호
003406.jpg,003403.jpg,유지·재번호
003407.jpg,003404.jpg,유지·재번호
003408.jpg,003405.jpg,유지·재번호
003409.jpg,003406.jpg,유지·재번호
003410.jpg,003407.jpg,유지·재번호
003411.jpg,003408.jpg,유지·재번호
003412.jpg,003409.jpg,유지·재번호
003413.jpg,003410.jpg,유지·재번호
003414.jpg,003411.jpg,유지·재번호
003415.jpg,003412.jpg,유지·재번호
003416.jpg,003413.jpg,유지·재번호
003417.jpg,003414.jpg,유지·재번호
003418.jpg,003415.jpg,유지·재번호
003419.jpg,003416.jpg,유지·재번호
003420.jpg,003417.jpg,유지·재번호
003421.jpg,003418.jpg,유지·재번호
003422.jpg,003419.jpg,유지·재번호
003423.jpg,003420.jpg,유지·재번호
003424.jpg,003421.jpg,유지·재번호
003425.jpg,003422.jpg,유지·재번호
003426.jpg,003423.jpg,유지·재번호
003427.jpg,003424.jpg,유지·재번호
003428.jpg,003425.jpg,유지·재번호
003429.jpg,003426.jpg,유지·재번호
003430.jpg,,삭제
003431.jpg,003427.jpg,유지·재번호
003432.jpg,003428.jpg,유지·재번호
003433.jpg,003429.jpg,유지·재번호
003434.jpg,003430.jpg,유지·재번호
003435.jpg,003431.jpg,유지·재번호
003436.jpg,003432.jpg,유지·재번호
003437.jpg,003433.jpg,유지·재번호
003438.jpg,003434.jpg,유지·재번호
003439.jpg,003435.jpg,유지·재번호
003440.jpg,003436.jpg,유지·재번호
003441.jpg,,삭제
003442.jpg,003437.jpg,유지·재번호
003443.jpg,003438.jpg,유지·재번호
003444.jpg,003439.jpg,유지·재번호
003445.jpg,003440.jpg,유지·재번호
003446.jpg,003441.jpg,유지·재번호
003447.jpg,003442.jpg,유지·재번호
003448.jpg,003443.jpg,유지·재번호
003449.jpg,003444.jpg,유지·재번호
003450.jpg,003445.jpg,유지·재번호
003451.jpg,003446.jpg,유지·재번호
003452.jpg,003447.jpg,유지·재번호
003453.jpg,003448.jpg,유지·재번호
003454.jpg,003449.jpg,유지·재번호
003455.jpg,003450.jpg,유지·재번호
003456.jpg,003451.jpg,유지·재번호
003457.jpg,003452.jpg,유지·재번호
003458.jpg,003453.jpg,유지·재번호
003459.jpg,003454.jpg,유지·재번호
003460.jpg,003455.jpg,유지·재번호
003461.jpg,003456.jpg,유지·재번호
003462.jpg,003457.jpg,유지·재번호
003463.jpg,003458.jpg,유지·재번호
003464.jpg,003459.jpg,유지·재번호
003465.jpg,003460.jpg,유지·재번호
003466.jpg,003461.jpg,유지·재번호
003467.jpg,003462.jpg,유지·재번호
003468.jpg,003463.jpg,유지·재번호
003469.jpg,003464.jpg,유지·재번호
003470.jpg,003465.jpg,유지·재번호
003471.jpg,003466.jpg,유지·재번호
003472.jpg,003467.jpg,유지·재번호
003473.jpg,003468.jpg,유지·재번호
003474.jpg,003469.jpg,유지·재번호
003475.jpg,003470.jpg,유지·재번호
003476.jpg,003471.jpg,유지·재번호
003477.jpg,003472.jpg,유지·재번호
003478.jpg,003473.jpg,유지·재번호
003479.jpg,003474.jpg,유지·재번호
003480.jpg,003475.jpg,유지·재번호
003481.jpg,003476.jpg,유지·재번호
003482.jpg,003477.jpg,유지·재번호
003483.jpg,003478.jpg,유지·재번호
003484.jpg,003479.jpg,유지·재번호
003485.jpg,003480.jpg,유지·재번호
003486.jpg,003481.jpg,유지·재번호
003487.jpg,003482.jpg,유지·재번호
003488.jpg,003483.jpg,유지·재번호
003489.jpg,003484.jpg,유지·재번호
003490.jpg,003485.jpg,유지·재번호
003491.jpg,,삭제
003492.jpg,003486.jpg,유지·재번호
003493.jpg,003487.jpg,유지·재번호
003494.jpg,003488.jpg,유지·재번호
003495.jpg,003489.jpg,유지·재번호
003496.jpg,003490.jpg,유지·재번호
003497.jpg,003491.jpg,유지·재번호
003498.jpg,003492.jpg,유지·재번호
003499.jpg,003493.jpg,유지·재번호
003500.jpg,003494.jpg,유지·재번호
003501.jpg,003495.jpg,유지·재번호
003502.jpg,003496.jpg,유지·재번호
003503.jpg,003497.jpg,유지·재번호
003504.jpg,003498.jpg,유지·재번호
003505.jpg,003499.jpg,유지·재번호
003506.jpg,003500.jpg,유지·재번호
003507.jpg,003501.jpg,유지·재번호
003508.jpg,003502.jpg,유지·재번호
003509.jpg,003503.jpg,유지·재번호
003510.jpg,003504.jpg,유지·재번호
003511.jpg,003505.jpg,유지·재번호
003512.jpg,003506.jpg,유지·재번호
003513.jpg,003507.jpg,유지·재번호
003514.jpg,003508.jpg,유지·재번호
003515.jpg,003509.jpg,유지·재번호
003516.jpg,,삭제
003517.jpg,003510.jpg,유지·재번호
003518.jpg,003511.jpg,유지·재번호
003519.jpg,003512.jpg,유지·재번호
003520.jpg,003513.jpg,유지·재번호
003521.jpg,003514.jpg,유지·재번호
003522.jpg,003515.jpg,유지·재번호
003523.jpg,003516.jpg,유지·재번호
003524.jpg,003517.jpg,유지·재번호
003525.jpg,003518.jpg,유지·재번호
003526.jpg,003519.jpg,유지·재번호
003527.jpg,003520.jpg,유지·재번호
003528.jpg,003521.jpg,유지·재번호
003529.jpg,003522.jpg,유지·재번호
003530.jpg,003523.jpg,유지·재번호
003531.jpg,003524.jpg,유지·재번호
003532.jpg,003525.jpg,유지·재번호
003533.jpg,003526.jpg,유지·재번호
003534.jpg,003527.jpg,유지·재번호
003535.jpg,,삭제
003536.jpg,003528.jpg,유지·재번호
003537.jpg,003529.jpg,유지·재번호
003538.jpg,003530.jpg,유지·재번호
003539.jpg,003531.jpg,유지·재번호
003540.jpg,003532.jpg,유지·재번호
003541.jpg,003533.jpg,유지·재번호
003542.jpg,003534.jpg,유지·재번호
003543.jpg,003535.jpg,유지·재번호
003544.jpg,003536.jpg,유지·재번호
003545.jpg,003537.jpg,유지·재번호
003546.jpg,003538.jpg,유지·재번호
003547.jpg,003539.jpg,유지·재번호
003548.jpg,003540.jpg,유지·재번호
003549.jpg,003541.jpg,유지·재번호
003550.jpg,003542.jpg,유지·재번호
003551.jpg,003543.jpg,유지·재번호
003552.jpg,003544.jpg,유지·재번호
003553.jpg,003545.jpg,유지·재번호
003554.jpg,003546.jpg,유지·재번호
003555.jpg,003547.jpg,유지·재번호
003556.jpg,003548.jpg,유지·재번호
003557.jpg,003549.jpg,유지·재번호
003558.jpg,003550.jpg,유지·재번호
003559.jpg,003551.jpg,유지·재번호
003560.jpg,003552.jpg,유지·재번호
003561.jpg,003553.jpg,유지·재번호
003562.jpg,003554.jpg,유지·재번호
003563.jpg,003555.jpg,유지·재번호
003564.jpg,003556.jpg,유지·재번호
003565.jpg,003557.jpg,유지·재번호
003566.jpg,003558.jpg,유지·재번호
003567.jpg,003559.jpg,유지·재번호
003568.jpg,003560.jpg,유지·재번호
003569.jpg,003561.jpg,유지·재번호
003570.jpg,003562.jpg,유지·재번호
003571.jpg,003563.jpg,유지·재번호
003572.jpg,003564.jpg,유지·재번호
003573.jpg,003565.jpg,유지·재번호
003574.jpg,003566.jpg,유지·재번호
003575.jpg,003567.jpg,유지·재번호
003576.jpg,003568.jpg,유지·재번호
003577.jpg,003569.jpg,유지·재번호
003578.jpg,003570.jpg,유지·재번호
003579.jpg,003571.jpg,유지·재번호
003580.jpg,003572.jpg,유지·재번호
003581.jpg,003573.jpg,유지·재번호
003582.jpg,003574.jpg,유지·재번호
003583.jpg,003575.jpg,유지·재번호
003584.jpg,003576.jpg,유지·재번호
003585.jpg,003577.jpg,유지·재번호
003586.jpg,003578.jpg,유지·재번호
003587.jpg,003579.jpg,유지·재번호
003588.jpg,003580.jpg,유지·재번호
003589.jpg,003581.jpg,유지·재번호
003590.jpg,003582.jpg,유지·재번호
003591.jpg,003583.jpg,유지·재번호
003592.jpg,003584.jpg,유지·재번호
003593.jpg,003585.jpg,유지·재번호
003594.jpg,003586.jpg,유지·재번호
003595.jpg,003587.jpg,유지·재번호
003596.jpg,003588.jpg,유지·재번호
003597.jpg,003589.jpg,유지·재번호
003598.jpg,003590.jpg,유지·재번호
003599.jpg,003591.jpg,유지·재번호
003600.jpg,003592.jpg,유지·재번호
003601.jpg,003593.jpg,유지·재번호
003602.jpg,003594.jpg,유지·재번호
003603.jpg,003595.jpg,유지·재번호
003604.jpg,003596.jpg,유지·재번호
003605.jpg,003597.jpg,유지·재번호
003606.jpg,003598.jpg,유지·재번호
003607.jpg,003599.jpg,유지·재번호
003608.jpg,003600.jpg,유지·재번호
003609.jpg,,삭제
003610.jpg,003601.jpg,유지·재번호
003611.jpg,003602.jpg,유지·재번호
003612.jpg,003603.jpg,유지·재번호
003613.jpg,003604.jpg,유지·재번호
003614.jpg,003605.jpg,유지·재번호
003615.jpg,003606.jpg,유지·재번호
003616.jpg,003607.jpg,유지·재번호
003617.jpg,003608.jpg,유지·재번호
003618.jpg,003609.jpg,유지·재번호
003619.jpg,003610.jpg,유지·재번호
003620.jpg,003611.jpg,유지·재번호
003621.jpg,003612.jpg,유지·재번호
003622.jpg,003613.jpg,유지·재번호
003623.jpg,003614.jpg,유지·재번호
003624.jpg,003615.jpg,유지·재번호
003625.jpg,003616.jpg,유지·재번호
003626.jpg,003617.jpg,유지·재번호
003627.jpg,003618.jpg,유지·재번호
003628.jpg,003619.jpg,유지·재번호
003629.jpg,003620.jpg,유지·재번호
003630.jpg,003621.jpg,유지·재번호
003631.jpg,003622.jpg,유지·재번호
003632.jpg,003623.jpg,유지·재번호
003633.jpg,003624.jpg,유지·재번호
003634.jpg,003625.jpg,유지·재번호
003635.jpg,003626.jpg,유지·재번호
003636.jpg,003627.jpg,유지·재번호
003637.jpg,003628.jpg,유지·재번호
003638.jpg,003629.jpg,유지·재번호
003639.jpg,003630.jpg,유지·재번호
003640.jpg,003631.jpg,유지·재번호
003641.jpg,003632.jpg,유지·재번호
003642.jpg,003633.jpg,유지·재번호
003643.jpg,003634.jpg,유지·재번호
003644.jpg,003635.jpg,유지·재번호
003645.jpg,003636.jpg,유지·재번호
003646.jpg,003637.jpg,유지·재번호
003647.jpg,003638.jpg,유지·재번호
003648.jpg,003639.jpg,유지·재번호
003649.jpg,003640.jpg,유지·재번호
003650.jpg,003641.jpg,유지·재번호
003651.jpg,003642.jpg,유지·재번호
003652.jpg,003643.jpg,유지·재번호
003653.jpg,003644.jpg,유지·재번호
003654.jpg,003645.jpg,유지·재번호
003655.jpg,003646.jpg,유지·재번호
003656.jpg,003647.jpg,유지·재번호
003657.jpg,003648.jpg,유지·재번호
003658.jpg,003649.jpg,유지·재번호
003659.jpg,003650.jpg,유지·재번호
003660.jpg,003651.jpg,유지·재번호
003661.jpg,003652.jpg,유지·재번호
003662.jpg,003653.jpg,유지·재번호
003663.jpg,003654.jpg,유지·재번호
003664.jpg,003655.jpg,유지·재번호
003665.jpg,003656.jpg,유지·재번호
003666.jpg,003657.jpg,유지·재번호
003667.jpg,003658.jpg,유지·재번호
003668.jpg,003659.jpg,유지·재번호
003669.jpg,003660.jpg,유지·재번호
003670.jpg,003661.jpg,유지·재번호
003671.jpg,003662.jpg,유지·재번호
003672.jpg,003663.jpg,유지·재번호
003673.jpg,003664.jpg,유지·재번호
003674.jpg,003665.jpg,유지·재번호
003675.jpg,,삭제
003676.jpg,003666.jpg,유지·재번호
003677.jpg,,삭제
003678.jpg,003667.jpg,유지·재번호
003679.jpg,003668.jpg,유지·재번호
003680.jpg,003669.jpg,유지·재번호
003681.jpg,003670.jpg,유지·재번호
003682.jpg,003671.jpg,유지·재번호
003683.jpg,003672.jpg,유지·재번호
003684.jpg,003673.jpg,유지·재번호
003685.jpg,003674.jpg,유지·재번호
003686.jpg,003675.jpg,유지·재번호
003687.jpg,003676.jpg,유지·재번호
003688.jpg,003677.jpg,유지·재번호
003689.jpg,,삭제
003690.jpg,003678.jpg,유지·재번호
003691.jpg,003679.jpg,유지·재번호
003692.jpg,003680.jpg,유지·재번호
003693.jpg,003681.jpg,유지·재번호
003694.jpg,003682.jpg,유지·재번호
003695.jpg,003683.jpg,유지·재번호
003696.jpg,003684.jpg,유지·재번호
003697.jpg,003685.jpg,유지·재번호
003698.jpg,003686.jpg,유지·재번호
003699.jpg,003687.jpg,유지·재번호
003700.jpg,003688.jpg,유지·재번호
003701.jpg,003689.jpg,유지·재번호
003702.jpg,003690.jpg,유지·재번호
003703.jpg,003691.jpg,유지·재번호
003704.jpg,003692.jpg,유지·재번호
003705.jpg,003693.jpg,유지·재번호
003706.jpg,003694.jpg,유지·재번호
003707.jpg,003695.jpg,유지·재번호
003708.jpg,,삭제
003709.jpg,003696.jpg,유지·재번호
003710.jpg,003697.jpg,유지·재번호
003711.jpg,003698.jpg,유지·재번호
003712.jpg,003699.jpg,유지·재번호
003713.jpg,,삭제
003714.jpg,003700.jpg,유지·재번호
003715.jpg,003701.jpg,유지·재번호
003716.jpg,,삭제
003717.jpg,003702.jpg,유지·재번호
003718.jpg,003703.jpg,유지·재번호
003719.jpg,,삭제
003720.jpg,003704.jpg,유지·재번호
003721.jpg,003705.jpg,유지·재번호
003722.jpg,003706.jpg,유지·재번호
003723.jpg,003707.jpg,유지·재번호
003724.jpg,,삭제
003725.jpg,003708.jpg,유지·재번호
003726.jpg,003709.jpg,유지·재번호
003727.jpg,,삭제
003728.jpg,003710.jpg,유지·재번호
003729.jpg,,삭제
003730.jpg,,삭제
003731.jpg,003711.jpg,유지·재번호
003732.jpg,003712.jpg,유지·재번호
003733.jpg,003713.jpg,유지·재번호
003734.jpg,003714.jpg,유지·재번호
003735.jpg,003715.jpg,유지·재번호
003736.jpg,003716.jpg,유지·재번호
003737.jpg,003717.jpg,유지·재번호
003738.jpg,,삭제
003739.jpg,,삭제
003740.jpg,003718.jpg,유지·재번호
